component, link, price
0.96 Inch OLED Display Module SSD1306, https://www.aliexpress.com/item/1005007389730469.html?src=google&snpsid=1&snps=y&snpsid=1&src=google&albch=shopping&acnt=742-864-1166&isdl=y&slnk=&plac=&mtctp=&albbt=Google_7_shopping&aff_platform=google&aff_short_key=UneMJZVf&&albagn=888888&&ds_e_adid=&ds_e_matchtype=&ds_e_device=c&ds_e_network=x&ds_e_product_group_id=&ds_e_product_id=en1005007389730469&ds_e_product_merchant_id=5551326180&ds_e_product_country=GB&ds_e_product_language=en&ds_e_product_channel=online&ds_e_product_store_id=&ds_url_v=2&albcp=22435797343&albag=&isSmbAutoCall=false&needSmbHouyi=false&gad_campaignid=22432265180, 3.51
GY-MAX4466 Electret Microphone Amplifier Module, https://www.aliexpress.com/item/1005006070858246.html?src=google&src=google&albch=shopping&acnt=494-037-6276&isdl=y&slnk=&plac=&mtctp=&albbt=Google_7_shopping&aff_platform=google&aff_short_key=UneMJZVf&&albagn=888888&&ds_e_adid=&ds_e_matchtype=&ds_e_device=c&ds_e_network=x&ds_e_product_group_id=&ds_e_product_id=en1005006070858246&ds_e_product_merchant_id=782142733&ds_e_product_country=GB&ds_e_product_language=en&ds_e_product_channel=online&ds_e_product_store_id=&ds_url_v=2&albcp=17859500389&albag=&isSmbAutoCall=false&needSmbHouyi=false&gad_campaignid=17190468917, 3.92
RP2040 Seed XIAO, https://www.aliexpress.com/item/1005003682505451.html?spm=a2g0o.cart.0.0.6eaf38da3X1JOq&mp=1,12.11
Rotary encoder, https://www.aliexpress.com/item/1975155185.html?src=google&src=google&albch=shopping&acnt=494-037-6276&isdl=y&slnk=&plac=&mtctp=&albbt=Google_7_shopping&aff_platform=google&aff_short_key=UneMJZVf&&albagn=888888&&ds_e_adid=&ds_e_matchtype=&ds_e_device=c&ds_e_network=x&ds_e_product_group_id=&ds_e_product_id=en1975155185&ds_e_product_merchant_id=106462169&ds_e_product_country=GB&ds_e_product_language=en&ds_e_product_channel=online&ds_e_product_store_id=&ds_url_v=2&albcp=17859500389&albag=&isSmbAutoCall=false&needSmbHouyi=false&gad_campaignid=17190468917, 3.62
Buzzer, https://www.aliexpress.com/item/1005004883467830.html?src=google&src=google&albch=shopping&acnt=494-037-6276&isdl=y&slnk=&plac=&mtctp=&albbt=Google_7_shopping&aff_platform=google&aff_short_key=UneMJZVf&&albagn=888888&&ds_e_adid=&ds_e_matchtype=&ds_e_device=c&ds_e_network=x&ds_e_product_group_id=&ds_e_product_id=en1005004883467830&ds_e_product_merchant_id=607902999&ds_e_product_country=GB&ds_e_product_language=en&ds_e_product_channel=online&ds_e_product_store_id=&ds_url_v=2&albcp=17859500389&albag=&isSmbAutoCall=false&needSmbHouyi=false&gad_campaignid=17190468917#nav-specification, 3.43
microsd card reader, https://www.aliexpress.com/item/1005006248599786.html?src=google&snpsid=1&snps=y&snpsid=1&src=google&albch=shopping&acnt=742-864-1166&isdl=y&slnk=&plac=&mtctp=&albbt=Google_7_shopping&aff_platform=google&aff_short_key=UneMJZVf&&albagn=888888&&ds_e_adid=&ds_e_matchtype=&ds_e_device=c&ds_e_network=x&ds_e_product_group_id=&ds_e_product_id=en1005006248599786&ds_e_product_merchant_id=5551326180&ds_e_product_country=GB&ds_e_product_language=en&ds_e_product_channel=online&ds_e_product_store_id=&ds_url_v=2&albcp=22435797343&albag=&isSmbAutoCall=false&needSmbHouyi=false&gad_campaignid=22432265180, 2.39
Micro SD card, https://www.aliexpress.com/item/1005008146347524.html?src=google&src=google&albch=shopping&acnt=494-037-6276&isdl=y&slnk=&plac=&mtctp=&albbt=Google_7_shopping&aff_platform=google&aff_short_key=UneMJZVf&&albagn=888888&&ds_e_adid=&ds_e_matchtype=&ds_e_device=c&ds_e_network=x&ds_e_product_group_id=&ds_e_product_id=en1005008146347524&ds_e_product_merchant_id=109331540&ds_e_product_country=GB&ds_e_product_language=en&ds_e_product_channel=online&ds_e_product_store_id=&ds_url_v=2&albcp=17859500389&albag=&isSmbAutoCall=false&needSmbHouyi=false&gad_campaignid=17190468917, 1.99
M3 Screws, https://www.aliexpress.com/item/32950591394.html?src=google&src=google&albch=shopping&acnt=494-037-6276&isdl=y&slnk=&plac=&mtctp=&albbt=Google_7_shopping&aff_platform=google&aff_short_key=UneMJZVf&&albagn=888888&&ds_e_adid=&ds_e_matchtype=&ds_e_device=c&ds_e_network=x&ds_e_product_group_id=&ds_e_product_id=en32950591394&ds_e_product_merchant_id=105562329&ds_e_product_country=GB&ds_e_product_language=en&ds_e_product_channel=online&ds_e_product_store_id=&ds_url_v=2&albcp=17859500389&albag=&isSmbAutoCall=false&needSmbHouyi=false&gad_campaignid=17190468917, 4.89
PCB, JLCPCB, 1.50
Case, My 3D Printer, 0